seq,seq34,chromatin_accessibility,indel_freq,group,y_pred
AGGTTTGGGGAGGTTTCTACAGTGAAATCCT,AAGGTTTGGGGAGGTTTCTACAGTGAAATCCTAA,0,0.004878563,HCT_plasmid,0.07737569
CCTTTTATAACTCCCAATTCCCCCCAATTCC,CCCTTTTATAACTCCCAATTCCCCCCAATTCCTT,1,0.118019174,HCT_plasmid,0.23474929
GACTTTAATAATGCACGCGGCGGCTCGCTCA,GGACTTTAATAATGCACGCGGCGGCTCGCTCAGA,1,0.094790994,HCT_plasmid,0.10387062
TAATTTAAGTGTTTACACTCCACATGTGGCA,ATAATTTAAGTGTTTACACTCCACATGTGGCAGG,1,0.300278958,HCT_plasmid,0.17704126
TCCTTTGTCCCAGCTGTTTCCCAGGAGCGAG,TTCCTTTGTCCCAGCTGTTTCCCAGGAGCGAGGC,1,0.001720622,HCT_plasmid,0.0354703
GAGTTTGACTGGGGCAAGCCGAGGACCTCCC,CGAGTTTGACTGGGGCAAGCCGAGGACCTCCCCA,1,0.143786585,HCT_plasmid,0.17107743
CCTTTTGAACCGCTCACGTTCAGATGTCTCT,ACCTTTTGAACCGCTCACGTTCAGATGTCTCTAG,1,0.003198767,HCT_plasmid,0.038489137
TGATTTCTTTGATGAATCTGGATAAACTGAA,GTGATTTCTTTGATGAATCTGGATAAACTGAATT,1,0.001196332,HCT_plasmid,0.025533374
ATGTTTCTGCGCTCCCCACCCCACCACAAGC,CATGTTTCTGCGCTCCCCACCCCACCACAAGCCG,1,0.165773867,HCT_plasmid,0.17836323
GCGTTTCTGTGAATGAAGCAGGGCCTTGCAG,AGCGTTTCTGTGAATGAAGCAGGGCCTTGCAGCC,1,0.179007475,HCT_plasmid,0.1951229
CTGTTTACTTTTCCAGTTTCTTATCTGATCT,TCTGTTTACTTTTCCAGTTTCTTATCTGATCTCT,0,0.000312865,HCT_plasmid,0.0013552668
GGATTTAGAGCGCGGCCAATGGGACAGCGGT,GGGATTTAGAGCGCGGCCAATGGGACAGCGGTGC,1,0.132149521,HCT_plasmid,0.11200763
GAGTTTCGGACTCGGAGCGCGAGAAACGTCG,GGAGTTTCGGACTCGGAGCGCGAGAAACGTCGGG,1,0.159045398,HCT_plasmid,0.14551456
GCCTTTAAACCAGCCCTTTCTCTCTACTCCC,GGCCTTTAAACCAGCCCTTTCTCTCTACTCCCTA,1,0.020489783,HCT_plasmid,0.2014669
CTTTTTCCCCCTCCCTTACTCTTCGTCCCCG,TCTTTTTCCCCCTCCCTTACTCTTCGTCCCCGGT,1,0.128499887,HCT_plasmid,0.19638477
TCATTTGATGAGTCTCATCCATTGGTTAGAA,CTCATTTGATGAGTCTCATCCATTGGTTAGAATG,0,0.084562837,HCT_plasmid,0.08490471
TGTTTTAGTGGGGTTAGCGATTCTGGTACAG,GTGTTTTAGTGGGGTTAGCGATTCTGGTACAGTG,0,0.0,HCT_plasmid,0.10678641
AAGTTTGGAGTTGCAAACGGGAATGGCTTCA,GAAGTTTGGAGTTGCAAACGGGAATGGCTTCAAG,0,0.003028722,HCT_plasmid,0.10189227
TTGTTTTCAGATGGTGCGCCACTGACACCCA,GTTGTTTTCAGATGGTGCGCCACTGACACCCACA,1,0.0,HCT_plasmid,0.00228797
GTCTTTGATGTGGTGTCCCTCTGCCCTAATC,CGTCTTTGATGTGGTGTCCCTCTGCCCTAATCTG,0,0.002947045,HCT_plasmid,0.10188819
GACTTTATGAAGCCTATCTTCCTGAGACCTT,CGACTTTATGAAGCCTATCTTCCTGAGACCTTTC,0,0.000463546,HCT_plasmid,0.022660844
ATTTTTGAAAACAGCACTCATTTTTCTCTCC,TATTTTTGAAAACAGCACTCATTTTTCTCTCCCA,0,0.000322504,HCT_plasmid,0.0016247366
TGATTTGCTGGCAGTCATAGAGTTCTATCCG,GTGATTTGCTGGCAGTCATAGAGTTCTATCCGCT,0,0.001423627,HCT_plasmid,0.09990637
CGCTTTCCCAGGCGCCTGGTGGTCCTTGGCT,CCGCTTTCCCAGGCGCCTGGTGGTCCTTGGCTTC,0,0.031540574,HCT_plasmid,0.08608048
AATTTTATTAATGCCACGCTACCACCTCAGG,CAATTTTATTAATGCCACGCTACCACCTCAGGAG,0,0.002022841,HCT_plasmid,0.08947063
CATTTTCTGCATCTCCAGGCTCCTCTGCTCA,CCATTTTCTGCATCTCCAGGCTCCTCTGCTCACA,0,0.004165367,HCT_plasmid,0.09854804
ACTTTTCTGAGTAGCCCAATCAATCATCTTG,TACTTTTCTGAGTAGCCCAATCAATCATCTTGTC,0,0.019813621,HCT_plasmid,0.08644801
CCCTTTGCTTGCTCAGCGCTCAAGGCCGCCG,ACCCTTTGCTTGCTCAGCGCTCAAGGCCGCCGGT,0,9.51e-05,HCT_plasmid,0.009419131
TCGTTTGGTGCCACCTCGAAACCTCATGGGA,CTCGTTTGGTGCCACCTCGAAACCTCATGGGATC,0,0.02648589,HCT_plasmid,0.08581608
TTCTTTGATGACCCTGTGCTGGATGAGAAGA,CTTCTTTGATGACCCTGTGCTGGATGAGAAGAGC,0,0.006584861,HCT_plasmid,0.08362481
AGATTTGGGCATGGCAGAAGAGGCAGAGAGG,CAGATTTGGGCATGGCAGAAGAGGCAGAGAGGCC,0,0.099429961,HCT_plasmid,0.09057375
CCCTTTGACGCCGGTCCCACAGCCGTACAAC,GCCCTTTGACGCCGGTCCCACAGCCGTACAACAC,0,0.005599037,HCT_plasmid,0.052901667
GTCTTTCGAGATGATGTTTGCTTTTTCCTTA,AGTCTTTCGAGATGATGTTTGCTTTTTCCTTAGT,0,0.021979118,HCT_plasmid,0.0011080154
CACTTTGGCCTCGGGGCCTTGGGTGCTGGGG,CCACTTTGGCCTCGGGGCCTTGGGTGCTGGGGGC,0,0.012277471,HCT_plasmid,0.016663594
CGATTTGGCTGTCCTCATCCTCTGAGGTGCT,GCGATTTGGCTGTCCTCATCCTCTGAGGTGCTGG,0,0.005916977,HCT_plasmid,0.10766021
ATTTTTTCTCTTAAATCTATGGAATCAGTTT,CATTTTTTCTCTTAAATCTATGGAATCAGTTTGG,0,0.0,HCT_plasmid,0.00077095046
ATCTTTCTTGGAAGTGGCCTTGCCCATTTGC,GATCTTTCTTGGAAGTGGCCTTGCCCATTTGCCT,0,0.000862128,HCT_plasmid,0.037738003
TTGTTTCCGCCCTCGTTTTCCTGGTGAGTGG,TTTGTTTCCGCCCTCGTTTTCCTGGTGAGTGGGA,0,0.000301792,HCT_plasmid,0.004088423
ATATTTCCCTACCCCACCAGCGTGGATTATG,GATATTTCCCTACCCCACCAGCGTGGATTATGCC,0,0.124502094,HCT_plasmid,0.10199497
GGTTTTGCTGCTTTGGGCTTAGCGGCTTTGG,AGGTTTTGCTGCTTTGGGCTTAGCGGCTTTGGGC,0,0.0,HCT_plasmid,0.005378261
GAGTTTTCCTTTCTGGCTTGAAGAGACTCAC,TGAGTTTTCCTTTCTGGCTTGAAGAGACTCACTG,0,0.0,HCT_plasmid,0.0012139064
GATTTTGCTGCCACGGATGTATACCTGCTCC,GGATTTTGCTGCCACGGATGTATACCTGCTCCAG,0,0.000931015,HCT_plasmid,0.12037454
CTGTTTCCTGCTGCACTTTTTCCAGCACCGC,GCTGTTTCCTGCTGCACTTTTTCCAGCACCGCGT,0,0.0,HCT_plasmid,0.001544574
TTGTTTCCCAAGGCTCTTCTCTTTGAAGCCC,GTTGTTTCCCAAGGCTCTTCTCTTTGAAGCCCCC,0,0.000731667,HCT_plasmid,0.02633655
TGCTTTGTCCTTGTTTGACTTAATTCTGCTT,ATGCTTTGTCCTTGTTTGACTTAATTCTGCTTCA,0,0.0,HCT_plasmid,0.0029060578
CCCTTTCTTCCCGTCTGGTGCTCGGCACAAG,CCCCTTTCTTCCCGTCTGGTGCTCGGCACAAGTC,0,0.0,HCT_plasmid,0.016410151
AAGTTTGCCTTCTTGTGTTTGGGTCACAGAG,AAAGTTTGCCTTCTTGTGTTTGGGTCACAGAGGA,1,0.154535154,HCT_plasmid,0.14152686
CTCTTTCCTCCTTCCTTCCCACCCCTCCATT,GCTCTTTCCTCCTTCCTTCCCACCCCTCCATTGG,1,0.039837057,HCT_plasmid,0.20954673
GGCTTTGGTTTTAGACTCAAGGAGCTCAGGG,AGGCTTTGGTTTTAGACTCAAGGAGCTCAGGGTG,1,0.160218853,HCT_plasmid,0.038987834
TTCTTTGACCAACCGCTTTCCACATATCCAT,TTTCTTTGACCAACCGCTTTCCACATATCCATCC,1,0.008686422,HCT_plasmid,0.10456107
TTATTTCCGGCTCCTCCCGGAAGTGCCGAAG,ATTATTTCCGGCTCCTCCCGGAAGTGCCGAAGCT,1,0.038620114,HCT_plasmid,0.06648571
CCCTTTAAGGACCTCAGTGGGCCGGGAGCCA,CCCCTTTAAGGACCTCAGTGGGCCGGGAGCCAGC,1,0.002744683,HCT_plasmid,0.1092362
TGATTTCCCTACACGTGTCAGGGAAAGTCCC,CTGATTTCCCTACACGTGTCAGGGAAAGTCCCAA,0,0.22394842,HCT_plasmid,0.1416157
CAGTTTGGAAACATTGTTTCTGTAGAATCTG,GCAGTTTGGAAACATTGTTTCTGTAGAATCTGCA,0,0.000229271,HCT_plasmid,0.033820193
ATATTTCTGAATCCCGCCTCTTTCAGCAGCC,GATATTTCTGAATCCCGCCTCTTTCAGCAGCCTT,1,0.024743202,HCT_plasmid,0.05906962
CCCTTTCTCCCCGCCTCTTCCCCCTCCCGGG,GCCCTTTCTCCCCGCCTCTTCCCCCTCCCGGGAG,1,0.067895687,HCT_plasmid,0.10837974
CACTTTAATTAAGCTAAGCCCTTACTAGACC,CCACTTTAATTAAGCTAAGCCCTTACTAGACCAA,0,0.0,HCT_plasmid,0.09893937
GAGTTTGTTGAAGGTGCCCGTCGGGACAAGT,CGAGTTTGTTGAAGGTGCCCGTCGGGACAAGTGG,0,0.0,HCT_plasmid,0.057963107
GAATTTCCCCAGCCCTGTGGATGCTGCATTC,AGAATTTCCCCAGCCCTGTGGATGCTGCATTCCG,0,0.031685602,HCT_plasmid,0.10381145
GGCTTTGGGCCTTTTGAGTTGCCTCCTCAGT,TGGCTTTGGGCCTTTTGAGTTGCCTCCTCAGTGG,0,0.0,HCT_plasmid,0.0014079034
TTTTTTGCTTCTAAGTAGATATTGTGCCCCC,CTTTTTTGCTTCTAAGTAGATATTGTGCCCCCCC,0,0.014032961,HCT_plasmid,0.05082259
GTATTTCAGATCCAGGATACTGAGGGCATGT,AGTATTTCAGATCCAGGATACTGAGGGCATGTCA,0,0.004375629,HCT_plasmid,0.06283627
AACTTTGACGTGGAGGAGTCCCACCAGTGCT,CAACTTTGACGTGGAGGAGTCCCACCAGTGCTCC,0,0.003532548,HCT_plasmid,0.11905273
ATATTTCTTCCAGATCTCAGAGGCAGGTTGG,CATATTTCTTCCAGATCTCAGAGGCAGGTTGGCT,0,0.0,HCT_plasmid,0.0068439525
GGCTTTGGCTGAGTCCCTTCCCCCTCCGACC,CGGCTTTGGCTGAGTCCCTTCCCCCTCCGACCCT,0,0.15888042,HCT_plasmid,0.14351393
GCCTTTCACTGCGGGACCGTGGGCCACTCGG,GGCCTTTCACTGCGGGACCGTGGGCCACTCGGCC,0,0.003186574,HCT_plasmid,0.04329094
AGGTTTGGGGAGGTTTCTACAGTGAAATCCT,AAGGTTTGGGGAGGTTTCTACAGTGAAATCCTAA,1,0.322079858,HEK_plasmid,0.1265995
CCTTTTATAACTCCCAATTCCCCCCAATTCC,CCCTTTTATAACTCCCAATTCCCCCCAATTCCTT,1,0.201170381,HEK_plasmid,0.23474929
GACTTTAATAATGCACGCGGCGGCTCGCTCA,GGACTTTAATAATGCACGCGGCGGCTCGCTCAGA,1,0.30231402,HEK_plasmid,0.10387062
TAATTTAAGTGTTTACACTCCACATGTGGCA,ATAATTTAAGTGTTTACACTCCACATGTGGCAGG,1,0.384410031,HEK_plasmid,0.17704126
TCCTTTGTCCCAGCTGTTTCCCAGGAGCGAG,TTCCTTTGTCCCAGCTGTTTCCCAGGAGCGAGGC,1,0.006446319,HEK_plasmid,0.0354703
GAGTTTGACTGGGGCAAGCCGAGGACCTCCC,CGAGTTTGACTGGGGCAAGCCGAGGACCTCCCCA,1,0.448262579,HEK_plasmid,0.17107743
CCTTTTGAACCGCTCACGTTCAGATGTCTCT,ACCTTTTGAACCGCTCACGTTCAGATGTCTCTAG,1,0.049536753,HEK_plasmid,0.038489137
TGATTTCTTTGATGAATCTGGATAAACTGAA,GTGATTTCTTTGATGAATCTGGATAAACTGAATT,0,0.010985031,HEK_plasmid,0.014933703
ATGTTTCTGCGCTCCCCACCCCACCACAAGC,CATGTTTCTGCGCTCCCCACCCCACCACAAGCCG,1,0.504352575,HEK_plasmid,0.17836323
GCGTTTCTGTGAATGAAGCAGGGCCTTGCAG,AGCGTTTCTGTGAATGAAGCAGGGCCTTGCAGCC,1,0.386892309,HEK_plasmid,0.1951229
CTGTTTACTTTTCCAGTTTCTTATCTGATCT,TCTGTTTACTTTTCCAGTTTCTTATCTGATCTCT,1,0.036804892,HEK_plasmid,0.0023401047
GGATTTAGAGCGCGGCCAATGGGACAGCGGT,GGGATTTAGAGCGCGGCCAATGGGACAGCGGTGC,1,0.386267185,HEK_plasmid,0.11200763
GAGTTTCGGACTCGGAGCGCGAGAAACGTCG,GGAGTTTCGGACTCGGAGCGCGAGAAACGTCGGG,1,0.308530806,HEK_plasmid,0.14551456
GCCTTTAAACCAGCCCTTTCTCTCTACTCCC,GGCCTTTAAACCAGCCCTTTCTCTCTACTCCCTA,1,0.119676103,HEK_plasmid,0.2014669
CTTTTTCCCCCTCCCTTACTCTTCGTCCCCG,TCTTTTTCCCCCTCCCTTACTCTTCGTCCCCGGT,1,0.679153219,HEK_plasmid,0.19638477
TCATTTGATGAGTCTCATCCATTGGTTAGAA,CTCATTTGATGAGTCTCATCCATTGGTTAGAATG,1,0.22859712,HEK_plasmid,0.13820077
TGTTTTAGTGGGGTTAGCGATTCTGGTACAG,GTGTTTTAGTGGGGTTAGCGATTCTGGTACAGTG,0,0.235887964,HEK_plasmid,0.10678641
AAGTTTGGAGTTGCAAACGGGAATGGCTTCA,GAAGTTTGGAGTTGCAAACGGGAATGGCTTCAAG,1,0.071469527,HEK_plasmid,0.16394134
TTGTTTTCAGATGGTGCGCCACTGACACCCA,GTTGTTTTCAGATGGTGCGCCACTGACACCCACA,0,0.0,HEK_plasmid,0.0013250438
GTCTTTGATGTGGTGTCCCTCTGCCCTAATC,CGTCTTTGATGTGGTGTCCCTCTGCCCTAATCTG,0,0.005850371,HEK_plasmid,0.10188819
GACTTTATGAAGCCTATCTTCCTGAGACCTT,CGACTTTATGAAGCCTATCTTCCTGAGACCTTTC,0,0.004009441,HEK_plasmid,0.022660844
ATTTTTGAAAACAGCACTCATTTTTCTCTCC,TATTTTTGAAAACAGCACTCATTTTTCTCTCCCA,0,2.65e-05,HEK_plasmid,0.0016247366
TGATTTGCTGGCAGTCATAGAGTTCTATCCG,GTGATTTGCTGGCAGTCATAGAGTTCTATCCGCT,0,0.170380886,HEK_plasmid,0.09990637
CGCTTTCCCAGGCGCCTGGTGGTCCTTGGCT,CCGCTTTCCCAGGCGCCTGGTGGTCCTTGGCTTC,0,0.07773648,HEK_plasmid,0.08608048
AATTTTATTAATGCCACGCTACCACCTCAGG,CAATTTTATTAATGCCACGCTACCACCTCAGGAG,0,0.006013408,HEK_plasmid,0.08947063
CATTTTCTGCATCTCCAGGCTCCTCTGCTCA,CCATTTTCTGCATCTCCAGGCTCCTCTGCTCACA,0,0.01245759,HEK_plasmid,0.09854804
ACTTTTCTGAGTAGCCCAATCAATCATCTTG,TACTTTTCTGAGTAGCCCAATCAATCATCTTGTC,0,0.034086112,HEK_plasmid,0.08644801
CCCTTTGCTTGCTCAGCGCTCAAGGCCGCCG,ACCCTTTGCTTGCTCAGCGCTCAAGGCCGCCGGT,1,0.021557714,HEK_plasmid,0.016168902
TCGTTTGGTGCCACCTCGAAACCTCATGGGA,CTCGTTTGGTGCCACCTCGAAACCTCATGGGATC,0,0.060513531,HEK_plasmid,0.08581608
TTCTTTGATGACCCTGTGCTGGATGAGAAGA,CTTCTTTGATGACCCTGTGCTGGATGAGAAGAGC,0,0.018417134,HEK_plasmid,0.08362481
AGATTTGGGCATGGCAGAAGAGGCAGAGAGG,CAGATTTGGGCATGGCAGAAGAGGCAGAGAGGCC,0,0.226644173,HEK_plasmid,0.09057375
CCCTTTGACGCCGGTCCCACAGCCGTACAAC,GCCCTTTGACGCCGGTCCCACAGCCGTACAACAC,1,0.011299285,HEK_plasmid,0.08804167
GTCTTTCGAGATGATGTTTGCTTTTTCCTTA,AGTCTTTCGAGATGATGTTTGCTTTTTCCTTAGT,0,0.0,HEK_plasmid,0.0011080154
CACTTTGGCCTCGGGGCCTTGGGTGCTGGGG,CCACTTTGGCCTCGGGGCCTTGGGTGCTGGGGGC,0,0.013472735,HEK_plasmid,0.016663594
CGATTTGGCTGTCCTCATCCTCTGAGGTGCT,GCGATTTGGCTGTCCTCATCCTCTGAGGTGCTGG,0,0.013089875,HEK_plasmid,0.10766021
ATTTTTTCTCTTAAATCTATGGAATCAGTTT,CATTTTTTCTCTTAAATCTATGGAATCAGTTTGG,0,0.0,HEK_plasmid,0.00077095046
ATCTTTCTTGGAAGTGGCCTTGCCCATTTGC,GATCTTTCTTGGAAGTGGCCTTGCCCATTTGCCT,0,0.001935406,HEK_plasmid,0.037738003
TTGTTTCCGCCCTCGTTTTCCTGGTGAGTGG,TTTGTTTCCGCCCTCGTTTTCCTGGTGAGTGGGA,0,0.000953568,HEK_plasmid,0.004088423
ATATTTCCCTACCCCACCAGCGTGGATTATG,GATATTTCCCTACCCCACCAGCGTGGATTATGCC,0,0.225570124,HEK_plasmid,0.10199497
GGTTTTGCTGCTTTGGGCTTAGCGGCTTTGG,AGGTTTTGCTGCTTTGGGCTTAGCGGCTTTGGGC,0,0.002827792,HEK_plasmid,0.005378261
GAGTTTTCCTTTCTGGCTTGAAGAGACTCAC,TGAGTTTTCCTTTCTGGCTTGAAGAGACTCACTG,0,0.000214977,HEK_plasmid,0.0012139064
GATTTTGCTGCCACGGATGTATACCTGCTCC,GGATTTTGCTGCCACGGATGTATACCTGCTCCAG,0,0.032892377,HEK_plasmid,0.12037454
CTGTTTCCTGCTGCACTTTTTCCAGCACCGC,GCTGTTTCCTGCTGCACTTTTTCCAGCACCGCGT,0,0.003010631,HEK_plasmid,0.001544574
TTGTTTCCCAAGGCTCTTCTCTTTGAAGCCC,GTTGTTTCCCAAGGCTCTTCTCTTTGAAGCCCCC,0,0.007656849,HEK_plasmid,0.02633655
TGCTTTGTCCTTGTTTGACTTAATTCTGCTT,ATGCTTTGTCCTTGTTTGACTTAATTCTGCTTCA,0,0.000709683,HEK_plasmid,0.0029060578
CCCTTTCTTCCCGTCTGGTGCTCGGCACAAG,CCCCTTTCTTCCCGTCTGGTGCTCGGCACAAGTC,0,0.000101442,HEK_plasmid,0.016410151
GCCTTTCCTCCCTCTCAGGGCTGCGCGCCCA,CGCCTTTCCTCCCTCTCAGGGCTGCGCGCCCAGG,1,0.117209474,HEK_plasmid,0.023332957
TGGTTTGCTCCACGAGAAAGAGGCGTTTTCC,TTGGTTTGCTCCACGAGAAAGAGGCGTTTTCCTA,1,0.184515591,HEK_plasmid,0.13841437
ACTTTTCTGTAGGAAGCTCTTGCCCTCCATA,GACTTTTCTGTAGGAAGCTCTTGCCCTCCATACA,0,0.077088571,HEK_plasmid,0.13088295
TCTTTTCCTGCAAATCCATTTTCTTTCGGTG,TTCTTTTCCTGCAAATCCATTTTCTTTCGGTGTA,0,0.00021752,HEK_plasmid,0.00023337404
CAGTTTCACTGATAGCGCTATTTACAACCTC,GCAGTTTCACTGATAGCGCTATTTACAACCTCCA,0,0.228897152,HEK_plasmid,0.1037924
ATCTTTGTCATCTTCTTCCCATTCAAAGTAA,CATCTTTGTCATCTTCTTCCCATTCAAAGTAATG,0,0.001902785,HEK_plasmid,0.0075693317
ACCTTTGCACTTTCTGGATACTCTTCCGGGG,TACCTTTGCACTTTCTGGATACTCTTCCGGGGTT,0,0.003042659,HEK_plasmid,0.023157526
GCTTTTCTGCCCCCGCCGCAGTGTACCCAGG,AGCTTTTCTGCCCCCGCCGCAGTGTACCCAGGAC,0,0.095374669,HEK_plasmid,0.07619539
CACTTTCTTCAGCAGCAGTATAGATTGTGCC,TCACTTTCTTCAGCAGCAGTATAGATTGTGCCTA,0,0.003359908,HEK_plasmid,0.023681201
