seq,seq34,chromatin_accessibility,indel_freq,group
AGGTTTGGGGAGGTTTCTACAGTGAAATCCT,AAGGTTTGGGGAGGTTTCTACAGTGAAATCCTAA,0,0.004878563,HCT_plasmid
CCTTTTATAACTCCCAATTCCCCCCAATTCC,CCCTTTTATAACTCCCAATTCCCCCCAATTCCTT,1,0.118019174,HCT_plasmid
GACTTTAATAATGCACGCGGCGGCTCGCTCA,GGACTTTAATAATGCACGCGGCGGCTCGCTCAGA,1,0.094790994,HCT_plasmid
TAATTTAAGTGTTTACACTCCACATGTGGCA,ATAATTTAAGTGTTTACACTCCACATGTGGCAGG,1,0.300278958,HCT_plasmid
TCCTTTGTCCCAGCTGTTTCCCAGGAGCGAG,TTCCTTTGTCCCAGCTGTTTCCCAGGAGCGAGGC,1,0.001720622,HCT_plasmid
GAGTTTGACTGGGGCAAGCCGAGGACCTCCC,CGAGTTTGACTGGGGCAAGCCGAGGACCTCCCCA,1,0.143786585,HCT_plasmid
CCTTTTGAACCGCTCACGTTCAGATGTCTCT,ACCTTTTGAACCGCTCACGTTCAGATGTCTCTAG,1,0.003198767,HCT_plasmid
TGATTTCTTTGATGAATCTGGATAAACTGAA,GTGATTTCTTTGATGAATCTGGATAAACTGAATT,1,0.001196332,HCT_plasmid
ATGTTTCTGCGCTCCCCACCCCACCACAAGC,CATGTTTCTGCGCTCCCCACCCCACCACAAGCCG,1,0.165773867,HCT_plasmid
GCGTTTCTGTGAATGAAGCAGGGCCTTGCAG,AGCGTTTCTGTGAATGAAGCAGGGCCTTGCAGCC,1,0.179007475,HCT_plasmid
CTGTTTACTTTTCCAGTTTCTTATCTGATCT,TCTGTTTACTTTTCCAGTTTCTTATCTGATCTCT,0,0.000312865,HCT_plasmid
GGATTTAGAGCGCGGCCAATGGGACAGCGGT,GGGATTTAGAGCGCGGCCAATGGGACAGCGGTGC,1,0.132149521,HCT_plasmid
GAGTTTCGGACTCGGAGCGCGAGAAACGTCG,GGAGTTTCGGACTCGGAGCGCGAGAAACGTCGGG,1,0.159045398,HCT_plasmid
GCCTTTAAACCAGCCCTTTCTCTCTACTCCC,GGCCTTTAAACCAGCCCTTTCTCTCTACTCCCTA,1,0.020489783,HCT_plasmid
CTTTTTCCCCCTCCCTTACTCTTCGTCCCCG,TCTTTTTCCCCCTCCCTTACTCTTCGTCCCCGGT,1,0.128499887,HCT_plasmid
TCATTTGATGAGTCTCATCCATTGGTTAGAA,CTCATTTGATGAGTCTCATCCATTGGTTAGAATG,0,0.084562837,HCT_plasmid
TGTTTTAGTGGGGTTAGCGATTCTGGTACAG,GTGTTTTAGTGGGGTTAGCGATTCTGGTACAGTG,0,0,HCT_plasmid
AAGTTTGGAGTTGCAAACGGGAATGGCTTCA,GAAGTTTGGAGTTGCAAACGGGAATGGCTTCAAG,0,0.003028722,HCT_plasmid
TTGTTTTCAGATGGTGCGCCACTGACACCCA,GTTGTTTTCAGATGGTGCGCCACTGACACCCACA,1,0,HCT_plasmid
GTCTTTGATGTGGTGTCCCTCTGCCCTAATC,CGTCTTTGATGTGGTGTCCCTCTGCCCTAATCTG,0,0.002947045,HCT_plasmid
GACTTTATGAAGCCTATCTTCCTGAGACCTT,CGACTTTATGAAGCCTATCTTCCTGAGACCTTTC,0,0.000463546,HCT_plasmid
ATTTTTGAAAACAGCACTCATTTTTCTCTCC,TATTTTTGAAAACAGCACTCATTTTTCTCTCCCA,0,0.000322504,HCT_plasmid
TGATTTGCTGGCAGTCATAGAGTTCTATCCG,GTGATTTGCTGGCAGTCATAGAGTTCTATCCGCT,0,0.001423627,HCT_plasmid
CGCTTTCCCAGGCGCCTGGTGGTCCTTGGCT,CCGCTTTCCCAGGCGCCTGGTGGTCCTTGGCTTC,0,0.031540574,HCT_plasmid
AATTTTATTAATGCCACGCTACCACCTCAGG,CAATTTTATTAATGCCACGCTACCACCTCAGGAG,0,0.002022841,HCT_plasmid
CATTTTCTGCATCTCCAGGCTCCTCTGCTCA,CCATTTTCTGCATCTCCAGGCTCCTCTGCTCACA,0,0.004165367,HCT_plasmid
ACTTTTCTGAGTAGCCCAATCAATCATCTTG,TACTTTTCTGAGTAGCCCAATCAATCATCTTGTC,0,0.019813621,HCT_plasmid
CCCTTTGCTTGCTCAGCGCTCAAGGCCGCCG,ACCCTTTGCTTGCTCAGCGCTCAAGGCCGCCGGT,0,9.51E-05,HCT_plasmid
TCGTTTGGTGCCACCTCGAAACCTCATGGGA,CTCGTTTGGTGCCACCTCGAAACCTCATGGGATC,0,0.02648589,HCT_plasmid
TTCTTTGATGACCCTGTGCTGGATGAGAAGA,CTTCTTTGATGACCCTGTGCTGGATGAGAAGAGC,0,0.006584861,HCT_plasmid
AGATTTGGGCATGGCAGAAGAGGCAGAGAGG,CAGATTTGGGCATGGCAGAAGAGGCAGAGAGGCC,0,0.099429961,HCT_plasmid
CCCTTTGACGCCGGTCCCACAGCCGTACAAC,GCCCTTTGACGCCGGTCCCACAGCCGTACAACAC,0,0.005599037,HCT_plasmid
GTCTTTCGAGATGATGTTTGCTTTTTCCTTA,AGTCTTTCGAGATGATGTTTGCTTTTTCCTTAGT,0,0.021979118,HCT_plasmid
CACTTTGGCCTCGGGGCCTTGGGTGCTGGGG,CCACTTTGGCCTCGGGGCCTTGGGTGCTGGGGGC,0,0.012277471,HCT_plasmid
CGATTTGGCTGTCCTCATCCTCTGAGGTGCT,GCGATTTGGCTGTCCTCATCCTCTGAGGTGCTGG,0,0.005916977,HCT_plasmid
ATTTTTTCTCTTAAATCTATGGAATCAGTTT,CATTTTTTCTCTTAAATCTATGGAATCAGTTTGG,0,0,HCT_plasmid
ATCTTTCTTGGAAGTGGCCTTGCCCATTTGC,GATCTTTCTTGGAAGTGGCCTTGCCCATTTGCCT,0,0.000862128,HCT_plasmid
TTGTTTCCGCCCTCGTTTTCCTGGTGAGTGG,TTTGTTTCCGCCCTCGTTTTCCTGGTGAGTGGGA,0,0.000301792,HCT_plasmid
ATATTTCCCTACCCCACCAGCGTGGATTATG,GATATTTCCCTACCCCACCAGCGTGGATTATGCC,0,0.124502094,HCT_plasmid
GGTTTTGCTGCTTTGGGCTTAGCGGCTTTGG,AGGTTTTGCTGCTTTGGGCTTAGCGGCTTTGGGC,0,0,HCT_plasmid
GAGTTTTCCTTTCTGGCTTGAAGAGACTCAC,TGAGTTTTCCTTTCTGGCTTGAAGAGACTCACTG,0,0,HCT_plasmid
GATTTTGCTGCCACGGATGTATACCTGCTCC,GGATTTTGCTGCCACGGATGTATACCTGCTCCAG,0,0.000931015,HCT_plasmid
CTGTTTCCTGCTGCACTTTTTCCAGCACCGC,GCTGTTTCCTGCTGCACTTTTTCCAGCACCGCGT,0,0,HCT_plasmid
TTGTTTCCCAAGGCTCTTCTCTTTGAAGCCC,GTTGTTTCCCAAGGCTCTTCTCTTTGAAGCCCCC,0,0.000731667,HCT_plasmid
TGCTTTGTCCTTGTTTGACTTAATTCTGCTT,ATGCTTTGTCCTTGTTTGACTTAATTCTGCTTCA,0,0,HCT_plasmid
CCCTTTCTTCCCGTCTGGTGCTCGGCACAAG,CCCCTTTCTTCCCGTCTGGTGCTCGGCACAAGTC,0,0,HCT_plasmid
AAGTTTGCCTTCTTGTGTTTGGGTCACAGAG,AAAGTTTGCCTTCTTGTGTTTGGGTCACAGAGGA,1,0.154535154,HCT_plasmid
CTCTTTCCTCCTTCCTTCCCACCCCTCCATT,GCTCTTTCCTCCTTCCTTCCCACCCCTCCATTGG,1,0.039837057,HCT_plasmid
GGCTTTGGTTTTAGACTCAAGGAGCTCAGGG,AGGCTTTGGTTTTAGACTCAAGGAGCTCAGGGTG,1,0.160218853,HCT_plasmid
TTCTTTGACCAACCGCTTTCCACATATCCAT,TTTCTTTGACCAACCGCTTTCCACATATCCATCC,1,0.008686422,HCT_plasmid
TTATTTCCGGCTCCTCCCGGAAGTGCCGAAG,ATTATTTCCGGCTCCTCCCGGAAGTGCCGAAGCT,1,0.038620114,HCT_plasmid
CCCTTTAAGGACCTCAGTGGGCCGGGAGCCA,CCCCTTTAAGGACCTCAGTGGGCCGGGAGCCAGC,1,0.002744683,HCT_plasmid
TGATTTCCCTACACGTGTCAGGGAAAGTCCC,CTGATTTCCCTACACGTGTCAGGGAAAGTCCCAA,0,0.22394842,HCT_plasmid
CAGTTTGGAAACATTGTTTCTGTAGAATCTG,GCAGTTTGGAAACATTGTTTCTGTAGAATCTGCA,0,0.000229271,HCT_plasmid
ATATTTCTGAATCCCGCCTCTTTCAGCAGCC,GATATTTCTGAATCCCGCCTCTTTCAGCAGCCTT,1,0.024743202,HCT_plasmid
CCCTTTCTCCCCGCCTCTTCCCCCTCCCGGG,GCCCTTTCTCCCCGCCTCTTCCCCCTCCCGGGAG,1,0.067895687,HCT_plasmid
CACTTTAATTAAGCTAAGCCCTTACTAGACC,CCACTTTAATTAAGCTAAGCCCTTACTAGACCAA,0,0,HCT_plasmid
GAGTTTGTTGAAGGTGCCCGTCGGGACAAGT,CGAGTTTGTTGAAGGTGCCCGTCGGGACAAGTGG,0,0,HCT_plasmid
GAATTTCCCCAGCCCTGTGGATGCTGCATTC,AGAATTTCCCCAGCCCTGTGGATGCTGCATTCCG,0,0.031685602,HCT_plasmid
GGCTTTGGGCCTTTTGAGTTGCCTCCTCAGT,TGGCTTTGGGCCTTTTGAGTTGCCTCCTCAGTGG,0,0,HCT_plasmid
TTTTTTGCTTCTAAGTAGATATTGTGCCCCC,CTTTTTTGCTTCTAAGTAGATATTGTGCCCCCCC,0,0.014032961,HCT_plasmid
GTATTTCAGATCCAGGATACTGAGGGCATGT,AGTATTTCAGATCCAGGATACTGAGGGCATGTCA,0,0.004375629,HCT_plasmid
AACTTTGACGTGGAGGAGTCCCACCAGTGCT,CAACTTTGACGTGGAGGAGTCCCACCAGTGCTCC,0,0.003532548,HCT_plasmid
ATATTTCTTCCAGATCTCAGAGGCAGGTTGG,CATATTTCTTCCAGATCTCAGAGGCAGGTTGGCT,0,0,HCT_plasmid
GGCTTTGGCTGAGTCCCTTCCCCCTCCGACC,CGGCTTTGGCTGAGTCCCTTCCCCCTCCGACCCT,0,0.15888042,HCT_plasmid
GCCTTTCACTGCGGGACCGTGGGCCACTCGG,GGCCTTTCACTGCGGGACCGTGGGCCACTCGGCC,0,0.003186574,HCT_plasmid
AGGTTTGGGGAGGTTTCTACAGTGAAATCCT,AAGGTTTGGGGAGGTTTCTACAGTGAAATCCTAA,1,0.322079858,HEK_plasmid
CCTTTTATAACTCCCAATTCCCCCCAATTCC,CCCTTTTATAACTCCCAATTCCCCCCAATTCCTT,1,0.201170381,HEK_plasmid
GACTTTAATAATGCACGCGGCGGCTCGCTCA,GGACTTTAATAATGCACGCGGCGGCTCGCTCAGA,1,0.30231402,HEK_plasmid
TAATTTAAGTGTTTACACTCCACATGTGGCA,ATAATTTAAGTGTTTACACTCCACATGTGGCAGG,1,0.384410031,HEK_plasmid
TCCTTTGTCCCAGCTGTTTCCCAGGAGCGAG,TTCCTTTGTCCCAGCTGTTTCCCAGGAGCGAGGC,1,0.006446319,HEK_plasmid
GAGTTTGACTGGGGCAAGCCGAGGACCTCCC,CGAGTTTGACTGGGGCAAGCCGAGGACCTCCCCA,1,0.448262579,HEK_plasmid
CCTTTTGAACCGCTCACGTTCAGATGTCTCT,ACCTTTTGAACCGCTCACGTTCAGATGTCTCTAG,1,0.049536753,HEK_plasmid
TGATTTCTTTGATGAATCTGGATAAACTGAA,GTGATTTCTTTGATGAATCTGGATAAACTGAATT,0,0.010985031,HEK_plasmid
ATGTTTCTGCGCTCCCCACCCCACCACAAGC,CATGTTTCTGCGCTCCCCACCCCACCACAAGCCG,1,0.504352575,HEK_plasmid
GCGTTTCTGTGAATGAAGCAGGGCCTTGCAG,AGCGTTTCTGTGAATGAAGCAGGGCCTTGCAGCC,1,0.386892309,HEK_plasmid
CTGTTTACTTTTCCAGTTTCTTATCTGATCT,TCTGTTTACTTTTCCAGTTTCTTATCTGATCTCT,1,0.036804892,HEK_plasmid
GGATTTAGAGCGCGGCCAATGGGACAGCGGT,GGGATTTAGAGCGCGGCCAATGGGACAGCGGTGC,1,0.386267185,HEK_plasmid
GAGTTTCGGACTCGGAGCGCGAGAAACGTCG,GGAGTTTCGGACTCGGAGCGCGAGAAACGTCGGG,1,0.308530806,HEK_plasmid
GCCTTTAAACCAGCCCTTTCTCTCTACTCCC,GGCCTTTAAACCAGCCCTTTCTCTCTACTCCCTA,1,0.119676103,HEK_plasmid
CTTTTTCCCCCTCCCTTACTCTTCGTCCCCG,TCTTTTTCCCCCTCCCTTACTCTTCGTCCCCGGT,1,0.679153219,HEK_plasmid
TCATTTGATGAGTCTCATCCATTGGTTAGAA,CTCATTTGATGAGTCTCATCCATTGGTTAGAATG,1,0.22859712,HEK_plasmid
TGTTTTAGTGGGGTTAGCGATTCTGGTACAG,GTGTTTTAGTGGGGTTAGCGATTCTGGTACAGTG,0,0.235887964,HEK_plasmid
AAGTTTGGAGTTGCAAACGGGAATGGCTTCA,GAAGTTTGGAGTTGCAAACGGGAATGGCTTCAAG,1,0.071469527,HEK_plasmid
TTGTTTTCAGATGGTGCGCCACTGACACCCA,GTTGTTTTCAGATGGTGCGCCACTGACACCCACA,0,0,HEK_plasmid
GTCTTTGATGTGGTGTCCCTCTGCCCTAATC,CGTCTTTGATGTGGTGTCCCTCTGCCCTAATCTG,0,0.005850371,HEK_plasmid
GACTTTATGAAGCCTATCTTCCTGAGACCTT,CGACTTTATGAAGCCTATCTTCCTGAGACCTTTC,0,0.004009441,HEK_plasmid
ATTTTTGAAAACAGCACTCATTTTTCTCTCC,TATTTTTGAAAACAGCACTCATTTTTCTCTCCCA,0,2.65E-05,HEK_plasmid
TGATTTGCTGGCAGTCATAGAGTTCTATCCG,GTGATTTGCTGGCAGTCATAGAGTTCTATCCGCT,0,0.170380886,HEK_plasmid
CGCTTTCCCAGGCGCCTGGTGGTCCTTGGCT,CCGCTTTCCCAGGCGCCTGGTGGTCCTTGGCTTC,0,0.07773648,HEK_plasmid
AATTTTATTAATGCCACGCTACCACCTCAGG,CAATTTTATTAATGCCACGCTACCACCTCAGGAG,0,0.006013408,HEK_plasmid
CATTTTCTGCATCTCCAGGCTCCTCTGCTCA,CCATTTTCTGCATCTCCAGGCTCCTCTGCTCACA,0,0.01245759,HEK_plasmid
ACTTTTCTGAGTAGCCCAATCAATCATCTTG,TACTTTTCTGAGTAGCCCAATCAATCATCTTGTC,0,0.034086112,HEK_plasmid
CCCTTTGCTTGCTCAGCGCTCAAGGCCGCCG,ACCCTTTGCTTGCTCAGCGCTCAAGGCCGCCGGT,1,0.021557714,HEK_plasmid
TCGTTTGGTGCCACCTCGAAACCTCATGGGA,CTCGTTTGGTGCCACCTCGAAACCTCATGGGATC,0,0.060513531,HEK_plasmid
TTCTTTGATGACCCTGTGCTGGATGAGAAGA,CTTCTTTGATGACCCTGTGCTGGATGAGAAGAGC,0,0.018417134,HEK_plasmid
AGATTTGGGCATGGCAGAAGAGGCAGAGAGG,CAGATTTGGGCATGGCAGAAGAGGCAGAGAGGCC,0,0.226644173,HEK_plasmid
CCCTTTGACGCCGGTCCCACAGCCGTACAAC,GCCCTTTGACGCCGGTCCCACAGCCGTACAACAC,1,0.011299285,HEK_plasmid
GTCTTTCGAGATGATGTTTGCTTTTTCCTTA,AGTCTTTCGAGATGATGTTTGCTTTTTCCTTAGT,0,0,HEK_plasmid
CACTTTGGCCTCGGGGCCTTGGGTGCTGGGG,CCACTTTGGCCTCGGGGCCTTGGGTGCTGGGGGC,0,0.013472735,HEK_plasmid
CGATTTGGCTGTCCTCATCCTCTGAGGTGCT,GCGATTTGGCTGTCCTCATCCTCTGAGGTGCTGG,0,0.013089875,HEK_plasmid
ATTTTTTCTCTTAAATCTATGGAATCAGTTT,CATTTTTTCTCTTAAATCTATGGAATCAGTTTGG,0,0,HEK_plasmid
ATCTTTCTTGGAAGTGGCCTTGCCCATTTGC,GATCTTTCTTGGAAGTGGCCTTGCCCATTTGCCT,0,0.001935406,HEK_plasmid
TTGTTTCCGCCCTCGTTTTCCTGGTGAGTGG,TTTGTTTCCGCCCTCGTTTTCCTGGTGAGTGGGA,0,0.000953568,HEK_plasmid
ATATTTCCCTACCCCACCAGCGTGGATTATG,GATATTTCCCTACCCCACCAGCGTGGATTATGCC,0,0.225570124,HEK_plasmid
GGTTTTGCTGCTTTGGGCTTAGCGGCTTTGG,AGGTTTTGCTGCTTTGGGCTTAGCGGCTTTGGGC,0,0.002827792,HEK_plasmid
GAGTTTTCCTTTCTGGCTTGAAGAGACTCAC,TGAGTTTTCCTTTCTGGCTTGAAGAGACTCACTG,0,0.000214977,HEK_plasmid
GATTTTGCTGCCACGGATGTATACCTGCTCC,GGATTTTGCTGCCACGGATGTATACCTGCTCCAG,0,0.032892377,HEK_plasmid
CTGTTTCCTGCTGCACTTTTTCCAGCACCGC,GCTGTTTCCTGCTGCACTTTTTCCAGCACCGCGT,0,0.003010631,HEK_plasmid
TTGTTTCCCAAGGCTCTTCTCTTTGAAGCCC,GTTGTTTCCCAAGGCTCTTCTCTTTGAAGCCCCC,0,0.007656849,HEK_plasmid
TGCTTTGTCCTTGTTTGACTTAATTCTGCTT,ATGCTTTGTCCTTGTTTGACTTAATTCTGCTTCA,0,0.000709683,HEK_plasmid
CCCTTTCTTCCCGTCTGGTGCTCGGCACAAG,CCCCTTTCTTCCCGTCTGGTGCTCGGCACAAGTC,0,0.000101442,HEK_plasmid
GCCTTTCCTCCCTCTCAGGGCTGCGCGCCCA,CGCCTTTCCTCCCTCTCAGGGCTGCGCGCCCAGG,1,0.117209474,HEK_plasmid
TGGTTTGCTCCACGAGAAAGAGGCGTTTTCC,TTGGTTTGCTCCACGAGAAAGAGGCGTTTTCCTA,1,0.184515591,HEK_plasmid
ACTTTTCTGTAGGAAGCTCTTGCCCTCCATA,GACTTTTCTGTAGGAAGCTCTTGCCCTCCATACA,0,0.077088571,HEK_plasmid
TCTTTTCCTGCAAATCCATTTTCTTTCGGTG,TTCTTTTCCTGCAAATCCATTTTCTTTCGGTGTA,0,0.00021752,HEK_plasmid
CAGTTTCACTGATAGCGCTATTTACAACCTC,GCAGTTTCACTGATAGCGCTATTTACAACCTCCA,0,0.228897152,HEK_plasmid
ATCTTTGTCATCTTCTTCCCATTCAAAGTAA,CATCTTTGTCATCTTCTTCCCATTCAAAGTAATG,0,0.001902785,HEK_plasmid
ACCTTTGCACTTTCTGGATACTCTTCCGGGG,TACCTTTGCACTTTCTGGATACTCTTCCGGGGTT,0,0.003042659,HEK_plasmid
GCTTTTCTGCCCCCGCCGCAGTGTACCCAGG,AGCTTTTCTGCCCCCGCCGCAGTGTACCCAGGAC,0,0.095374669,HEK_plasmid
CACTTTCTTCAGCAGCAGTATAGATTGTGCC,TCACTTTCTTCAGCAGCAGTATAGATTGTGCCTA,0,0.003359908,HEK_plasmid
